City_ID,City,Country,Lat,Lng,Max Temp,Humidity,Cloudiness,Wind Speed,Current Description
0,Mataura,NZ,-46.19,168.86,46.99,96,99,1.01,overcast clouds
1,Alta Floresta,BR,-9.88,-56.09,91.65,43,100,2.64,overcast clouds
2,Nizhniy Odes,RU,63.64,54.86,21.52,98,90,0.49,overcast clouds
3,Cidreira,BR,-30.18,-50.21,70.41,84,3,22.32,clear sky
4,Gat,IL,31.61,34.76,77.0,78,20,8.05,few clouds
5,Souillac,MU,-20.52,57.52,75.2,73,75,14.99,shower rain
6,Hobart,AU,-42.88,147.33,44.6,81,75,6.93,broken clouds
7,Busselton,AU,-33.65,115.33,55.0,65,0,0.43,clear sky
8,Tiksi,RU,71.69,128.87,4.69,90,100,30.51,overcast clouds
9,Upernavik,GL,72.79,-56.15,13.87,76,63,4.18,broken clouds
10,Severo-Yeniseyskiy,RU,60.37,93.04,15.51,97,100,3.24,overcast clouds
11,Ibb,YE,13.97,44.18,60.69,47,12,3.58,few clouds
12,Vallenar,CL,-28.57,-70.76,83.53,14,0,9.24,clear sky
13,Caohai,CN,26.87,104.28,53.2,98,100,2.75,overcast clouds
14,Vaini,TO,-21.2,-175.2,71.6,94,90,10.29,light intensity shower rain
15,Orange Cove,US,36.62,-119.31,69.01,52,1,4.7,clear sky
16,Sabratah,LY,32.79,12.49,71.87,66,12,14.12,light rain
17,Broome,US,42.25,-75.83,52.0,51,71,1.99,broken clouds
18,Lagoa,PT,39.05,-27.98,64.09,63,23,6.04,few clouds
19,Luderitz,NA,-26.65,15.16,66.2,50,71,24.94,broken clouds
20,Ushuaia,AR,-54.8,-68.3,51.8,50,40,3.36,scattered clouds
21,Brae,GB,60.4,-1.35,50.0,81,40,17.22,scattered clouds
22,Corn Island,NI,12.17,-83.04,83.35,74,96,6.26,overcast clouds
23,Geraldton,AU,-28.77,114.6,62.6,88,0,6.93,clear sky
24,Aranos,NA,-24.13,19.12,75.16,37,83,11.41,broken clouds
25,Vila,PT,42.03,-8.16,45.0,94,100,3.0,overcast clouds
26,Hermanus,ZA,-34.42,19.23,61.0,79,98,13.62,overcast clouds
27,Nikolskoye,RU,59.7,30.79,42.8,93,90,4.47,overcast clouds
28,Denpasar,ID,-8.65,115.22,78.8,94,20,2.24,few clouds
29,Punta Arenas,CL,-53.15,-70.92,44.6,81,40,8.05,scattered clouds
30,Thompson,CA,55.74,-97.86,26.6,53,90,13.87,light snow
31,Moyale,KE,3.52,39.06,71.35,65,5,6.35,clear sky
32,Shache,CN,38.42,77.24,45.36,47,100,6.4,overcast clouds
33,Hilo,US,19.73,-155.09,82.4,74,40,5.82,scattered clouds
34,Rikitea,PF,-23.12,-134.97,73.81,80,100,19.08,overcast clouds
35,Port Hedland,AU,-20.32,118.57,69.8,94,100,9.17,overcast clouds
36,Hasaki,JP,35.73,140.83,50.0,100,75,1.12,broken clouds
37,Krutinka,RU,56.01,71.51,36.59,96,96,8.55,overcast clouds
38,Avarua,CK,-21.21,-159.78,75.2,73,49,11.41,light rain
39,Namatanai,PG,-3.67,152.43,79.2,82,97,2.71,moderate rain
40,Hay River,CA,60.82,-115.8,24.8,62,40,9.17,scattered clouds
41,Krasnyye Tkachi,RU,57.49,39.76,41.0,93,90,4.47,light intensity drizzle
42,Bengkulu,ID,-3.8,102.27,74.93,89,100,4.18,overcast clouds
43,Ginda,IN,30.69,78.49,48.29,63,0,6.24,light rain
44,Port Elizabeth,ZA,-33.92,25.57,62.6,100,100,6.93,light rain
45,San Carlos De Bariloche,AR,-41.15,-71.31,50.0,43,40,32.21,scattered clouds
46,Kapaa,US,22.08,-159.32,84.0,83,40,3.62,scattered clouds
47,Anori,BR,-3.77,-61.64,91.44,51,97,1.54,light rain
48,Beyneu,KZ,45.32,55.2,58.57,73,68,11.65,broken clouds
49,Gazli,UZ,40.13,63.45,49.75,47,0,6.89,clear sky
50,Gushi,CN,34.64,109.58,64.11,59,100,5.59,overcast clouds
51,Tasiilaq,GL,65.61,-37.64,32.0,98,100,1.12,overcast clouds
52,Colares,PT,38.8,-9.45,61.0,82,20,11.41,few clouds
53,Port-Au-Prince,HT,18.54,-72.33,91.4,52,40,23.04,scattered clouds
54,Gamba,GA,-2.65,10.0,76.93,88,100,7.65,light rain
55,Pozo Colorado,PY,-23.49,-58.8,102.47,30,0,8.66,clear sky
56,Hithadhoo,MV,-0.6,73.08,82.98,71,27,5.39,scattered clouds
57,Bredasdorp,ZA,-34.53,20.04,64.4,68,100,4.7,overcast clouds
58,Ahuimanu,US,21.44,-157.84,82.0,78,90,4.7,overcast clouds
59,Port Alfred,ZA,-33.59,26.89,65.71,80,93,2.55,overcast clouds
60,Petionville,HT,18.51,-72.29,91.4,52,40,23.04,scattered clouds
61,Maralal,KE,1.1,36.7,62.89,82,98,12.1,light rain
62,Albany,US,42.6,-73.97,48.99,42,0,5.39,clear sky
63,Atuona,PF,-9.8,-139.03,78.93,74,0,20.0,clear sky
64,Qaanaaq,GL,77.48,-69.36,12.72,80,100,12.08,overcast clouds
65,Saldanha,ZA,-33.01,17.94,60.8,72,47,9.17,scattered clouds
66,Gravdal,NO,68.12,13.5,39.2,86,75,14.99,moderate rain
67,Dikson,RU,73.51,80.55,18.12,97,100,13.71,overcast clouds
68,Saint-Philippe,RE,-21.36,55.77,69.8,73,0,5.82,clear sky
69,Hofn,IS,64.25,-15.21,43.93,77,100,13.44,overcast clouds
70,Nouadhibou,MR,20.93,-17.03,75.2,64,100,12.75,overcast clouds
71,Jamestown,US,42.1,-79.24,46.0,63,90,10.29,overcast clouds
72,Mackay,AU,-21.15,149.2,73.4,94,40,4.7,scattered clouds
73,Longyearbyen,SJ,78.22,15.64,30.2,74,75,9.17,broken clouds
74,Santiago,CL,-33.46,-70.65,75.99,35,20,8.05,few clouds
75,Khatanga,RU,71.97,102.5,6.35,95,90,9.93,overcast clouds
76,Parbatipur,BD,25.66,88.92,71.71,95,11,2.17,few clouds
77,Esperance,AU,-33.87,121.9,53.6,71,0,17.22,clear sky
78,Oistins,BB,13.07,-59.53,87.8,66,40,18.34,scattered clouds
79,Taganak,PH,6.08,118.3,77.0,94,20,2.24,moderate rain
80,Tuktoyaktuk,CA,69.45,-133.04,23.0,92,90,23.04,light snow
81,Pisco,PE,-13.7,-76.22,70.0,68,0,17.22,clear sky
82,Butaritari,KI,3.07,172.79,81.09,70,62,9.17,broken clouds
83,Avallon,FR,47.48,3.9,54.0,92,100,12.1,overcast clouds
84,Castro,BR,-24.79,-50.01,72.75,72,1,2.77,clear sky
85,Marrakesh,MA,31.63,-8.01,68.0,42,0,4.7,clear sky
86,Lata,PT,40.16,-8.33,57.99,87,81,5.53,broken clouds
87,Amahai,ID,-3.33,128.92,81.0,92,70,1.41,broken clouds
88,Bethel,US,41.37,-73.41,52.0,48,40,5.82,scattered clouds
89,Channel-Port Aux Basques,CA,47.57,-59.14,39.43,73,14,26.37,few clouds
90,Carnarvon,AU,-24.87,113.63,69.8,88,75,17.22,broken clouds
91,Udachnyy,RU,66.42,112.4,-4.0,91,0,2.24,clear sky
92,Taquaritinga Do Norte,BR,-7.9,-36.04,77.67,64,48,14.63,scattered clouds
93,Bac Lieu,VN,9.29,105.72,76.73,90,38,5.17,scattered clouds
94,East London,ZA,-33.02,27.91,67.42,71,97,2.75,overcast clouds
95,Pevek,RU,69.7,170.31,26.78,97,100,7.36,overcast clouds
96,Santiago Del Estero,AR,-27.8,-64.26,95.02,34,47,18.01,scattered clouds
97,Svetlyy,RU,54.67,20.13,51.8,87,0,8.95,clear sky
98,Rawson,AR,-43.3,-65.1,67.06,25,14,23.2,few clouds
99,Selimpasa,TR,41.06,28.38,68.0,82,0,3.36,clear sky
100,Juneau,US,58.3,-134.42,37.4,64,90,14.99,light snow
101,Port Lincoln,AU,-34.73,135.87,51.84,63,60,15.88,broken clouds
102,Muyezerskiy,RU,63.93,31.65,27.73,98,62,2.95,broken clouds
103,Padang,ID,-0.95,100.35,78.15,72,100,3.42,heavy intensity rain
104,Ahipara,NZ,-35.17,173.17,62.31,80,5,6.31,clear sky
105,Grindavik,IS,63.84,-22.43,42.8,87,75,10.29,broken clouds
106,Khandyga,RU,62.67,135.6,5.41,93,0,2.1,clear sky
107,Katsuura,JP,35.13,140.3,57.2,67,0,4.7,clear sky
108,Cherskiy,RU,68.75,161.3,13.01,96,100,1.16,overcast clouds
109,New Norfolk,AU,-42.78,147.06,42.01,71,3,1.77,clear sky
110,Rocha,UY,-34.48,-54.33,74.73,77,100,13.31,overcast clouds
111,Burley,US,42.54,-113.79,30.2,23,75,14.99,broken clouds
112,Atikokan,CA,48.76,-91.62,30.2,85,100,5.88,overcast clouds
113,Cape Town,ZA,-33.93,18.42,63.0,82,20,16.11,few clouds
114,Torbay,CA,47.67,-52.73,44.6,93,90,24.16,light rain
115,Kushmurun,KZ,52.45,64.63,49.14,92,100,15.14,light rain
116,Ancud,CL,-41.87,-73.82,57.99,54,75,16.11,broken clouds
117,Narsaq,GL,60.92,-46.05,39.2,60,100,18.34,overcast clouds
118,Roura,GF,4.73,-52.33,86.0,66,0,10.29,clear sky
119,Balakhninskiy,RU,58.01,114.28,31.78,96,100,6.67,overcast clouds
120,Trofors,NO,65.53,13.41,37.4,93,75,2.24,light rain
121,Rafraf,TN,37.19,10.18,62.6,77,20,1.12,few clouds
122,Bluff,NZ,-46.6,168.33,46.99,96,36,1.01,scattered clouds
123,Broken Hill,AU,-31.95,141.43,41.0,80,0,4.7,clear sky
124,Kedgwick,CA,47.64,-67.34,35.1,74,26,10.45,scattered clouds
125,Bajram Curri,AL,42.36,20.08,55.4,87,75,3.36,broken clouds
126,Rio Grande,BR,-32.03,-52.1,75.0,82,30,7.0,scattered clouds
127,Meulaboh,ID,4.14,96.13,76.24,82,100,3.53,overcast clouds
128,Vardo,NO,70.37,31.11,37.4,69,75,20.8,broken clouds
129,Gubkin,RU,51.28,37.55,47.14,84,0,3.8,clear sky
130,Puerto Madryn,AR,-42.77,-65.04,68.47,23,6,23.58,clear sky
131,Soto La Marina,MX,23.77,-98.22,93.99,49,0,13.0,clear sky
132,Mahebourg,MU,-20.41,57.7,75.2,73,75,14.99,shower rain
133,Chuy,UY,-33.7,-53.46,71.56,79,100,15.39,overcast clouds
134,Puerto Ayora,EC,-0.74,-90.35,78.8,69,40,20.8,scattered clouds
135,Nanortalik,GL,60.14,-45.24,35.49,84,100,16.49,overcast clouds
136,Richards Bay,ZA,-28.78,32.04,72.3,77,100,14.79,overcast clouds
137,Tocopilla,CL,-22.09,-70.2,68.59,52,98,10.67,overcast clouds
138,Basco,PH,20.45,121.97,80.19,83,100,28.07,light rain
139,Tura,IN,25.52,90.22,69.04,95,0,2.04,clear sky
140,Nelson Bay,AU,-32.72,152.15,63.0,100,90,20.8,heavy intensity rain
141,Provideniya,RU,64.38,-173.3,33.21,91,100,3.65,overcast clouds
142,Isangel,VU,-19.55,169.27,75.85,74,7,10.76,clear sky
143,Arraial Do Cabo,BR,-22.97,-42.03,73.4,78,75,5.82,broken clouds
144,Airai,TL,-8.93,125.41,61.59,100,97,1.34,overcast clouds
145,Port Augusta,AU,-32.5,137.77,53.6,54,90,10.29,overcast clouds
146,Tazmalt,DZ,36.39,4.4,59.0,82,0,4.7,clear sky
147,Bandarbeyla,SO,9.49,50.81,76.24,78,1,12.71,clear sky
148,Konyshevka,RU,51.84,35.29,48.2,87,90,2.24,overcast clouds
149,Rio Bueno,CL,-40.32,-72.97,57.2,50,75,11.41,broken clouds
150,Tungor,RU,53.38,142.96,39.56,91,100,20.22,light rain
151,Kununurra,AU,-15.77,128.73,78.8,94,63,3.36,broken clouds
152,College,US,64.86,-147.8,30.0,85,75,3.42,broken clouds
153,Okha,RU,53.57,142.95,39.67,91,100,20.45,light rain
154,Lebu,CL,-37.62,-73.65,54.16,59,0,9.62,clear sky
155,Tukrah,LY,32.53,20.58,72.18,77,42,7.74,scattered clouds
156,Valparaiso,CL,-33.04,-71.63,68.0,56,0,9.17,clear sky
157,Himatnagar,IN,23.6,72.95,77.0,65,0,2.24,haze
158,Sitka,US,57.05,-135.33,42.8,75,90,12.75,light rain
159,Townsville,AU,-19.25,146.8,75.2,94,21,4.03,few clouds
160,Casteltermini,IT,37.54,13.64,64.99,85,0,1.99,clear sky
161,Male,MV,4.17,73.51,82.4,88,90,8.05,overcast clouds
162,Barrow,US,71.29,-156.79,26.6,73,90,3.36,overcast clouds
163,Rudbar,AF,30.15,62.6,55.38,34,0,4.45,clear sky
164,Nong Chik,TH,6.84,101.18,76.6,89,100,4.38,overcast clouds
165,Jalu,LY,29.03,21.55,65.75,48,0,3.94,clear sky
166,Taltal,CL,-25.4,-70.48,66.15,53,22,7.65,few clouds
167,Victoria,HK,22.29,114.16,75.0,80,100,16.82,overcast clouds
168,Terney,RU,45.05,136.61,41.68,72,0,10.76,clear sky
169,Cayenne,GF,4.93,-52.33,86.0,66,0,10.29,clear sky
170,Bud,US,39.45,-86.18,52.0,57,90,5.82,overcast clouds
171,Sorbhog,IN,26.5,90.87,71.85,92,7,3.78,clear sky
172,Brandfort,ZA,-28.7,26.46,78.8,29,100,5.82,light rain
173,Ladario,BR,-19.0,-57.6,96.8,53,56,4.7,broken clouds
174,Dongsheng,CN,39.82,109.98,43.95,56,0,13.29,clear sky
175,Ugoofaaru,MV,5.67,73.0,81.55,76,99,10.22,light rain
176,Georgetown,MY,5.41,100.34,77.0,94,40,2.24,light rain
177,Bom Jardim,BR,-7.8,-35.59,78.73,69,71,12.64,broken clouds
178,Rey Bouba,CM,8.67,14.18,78.48,55,0,1.81,clear sky
179,Aklavik,CA,68.22,-135.01,24.8,79,75,23.04,broken clouds
180,Arawa,PG,-6.21,155.54,77.29,77,47,1.48,scattered clouds
181,Guiyang,CN,26.58,106.72,59.0,82,90,6.71,overcast clouds
182,Pyay,MM,18.82,95.22,73.9,93,0,0.54,clear sky
183,Luanda,AO,-8.84,13.23,77.0,83,75,5.82,broken clouds
184,Grand-Santi,GF,4.25,-54.38,92.71,41,100,3.78,overcast clouds
185,Kalaswala,PK,32.2,74.65,66.2,68,20,2.26,smoke
186,Chita,RU,52.03,113.55,35.6,74,40,8.95,scattered clouds
187,Puerto Escondido,MX,15.85,-97.07,86.0,74,40,6.22,scattered clouds
188,Samarai,PG,-10.62,150.67,80.29,81,71,4.54,light rain
189,Mount Gambier,AU,-37.83,140.77,41.0,86,40,8.05,scattered clouds
190,Severo-Kurilsk,RU,50.68,156.12,43.74,84,93,5.48,light rain
191,Yulara,AU,-25.24,130.99,62.6,33,71,12.75,broken clouds
192,Auki,SB,-8.77,160.7,79.36,80,98,2.68,light rain
193,Rhyl,GB,53.32,-3.49,46.99,89,0,10.0,clear sky
194,Cap Malheureux,MU,-19.98,57.61,70.0,90,39,5.99,light rain
195,Pangody,RU,65.85,74.49,10.06,96,5,10.78,clear sky
196,Domasnea,RO,45.08,22.32,51.58,85,100,2.51,overcast clouds
197,Mount Isa,AU,-20.73,139.5,69.8,32,100,11.41,overcast clouds
198,Crestview,US,30.76,-86.57,80.6,61,75,4.7,broken clouds
199,Zheleznodorozhnyy,RU,55.75,38.0,48.2,93,0,4.47,clear sky
200,Tuatapere,NZ,-46.13,167.68,46.99,96,82,1.01,broken clouds
201,Petropavlovsk-Kamchatskiy,RU,53.05,158.65,39.2,100,90,2.24,overcast clouds
202,Saint George,US,37.1,-113.58,73.0,30,53,18.34,broken clouds
203,Herat,AF,34.5,62.0,43.52,55,0,1.1,clear sky
204,Lompoc,US,34.64,-120.46,66.2,59,90,9.17,overcast clouds
205,Husavik,IS,66.04,-17.34,42.8,81,75,9.17,broken clouds
206,Parsabad,IR,39.65,47.92,55.4,87,0,4.7,clear sky
207,Olafsvik,IS,64.89,-23.71,42.75,82,100,27.51,overcast clouds
208,Deputatskiy,RU,69.3,139.9,5.32,89,2,6.22,clear sky
209,Chokurdakh,RU,70.63,147.92,6.03,93,0,9.89,clear sky
210,Huilong,CN,31.81,121.66,63.0,89,86,5.77,overcast clouds
211,Seminole,US,28.71,-81.21,86.0,62,90,8.05,overcast clouds
212,Bilma,NE,18.69,12.92,75.34,19,0,5.82,clear sky
213,Kuala Terengganu,MY,5.33,103.14,75.2,100,20,3.36,light rain
214,Kavieng,PG,-2.57,150.8,81.82,74,100,1.81,light rain
215,Poum,NC,-20.23,164.02,76.51,75,30,17.18,scattered clouds
216,Chenzhou,CN,25.8,113.03,62.6,71,72,1.7,broken clouds
217,Whitehorse,CA,60.72,-135.05,27.0,79,90,4.7,overcast clouds
218,Vila Velha,BR,-20.33,-40.29,75.0,94,90,8.05,light rain
219,Grand Gaube,MU,-20.01,57.66,70.0,90,41,5.99,light rain
220,Nemuro,JP,43.32,145.57,48.78,72,0,17.96,clear sky
221,Cananeia,BR,-25.01,-47.93,74.66,82,31,6.31,scattered clouds
222,Rome,US,34.26,-85.16,73.4,73,90,1.3,overcast clouds
223,Kodiak,US,57.79,-152.41,48.2,87,90,17.22,moderate rain
224,Jega,NG,12.22,4.38,82.44,25,3,5.99,clear sky
225,Fortuna,US,40.6,-124.16,57.99,76,75,5.82,broken clouds
226,Namie,JP,37.48,141.0,52.0,84,100,9.66,overcast clouds
227,Paamiut,GL,61.99,-49.67,34.63,95,95,24.43,overcast clouds
228,Namibe,AO,-15.2,12.15,68.83,79,52,4.65,broken clouds
229,Coihaique,CL,-45.58,-72.07,51.8,57,75,5.82,broken clouds
230,Codrington,AU,-38.27,141.97,47.46,71,1,14.79,clear sky
231,Faanui,PF,-16.48,-151.75,80.02,69,0,4.61,clear sky
232,Kulhudhuffushi,MV,6.62,73.07,79.54,84,100,11.43,moderate rain
233,Bitam,GA,2.08,11.5,69.4,97,97,2.93,light rain
234,Senneterre,CA,48.38,-77.23,33.8,64,90,4.7,overcast clouds
235,Vao,NC,-22.67,167.48,72.18,78,12,12.35,few clouds
236,Bathsheba,BB,13.22,-59.52,87.8,66,40,18.34,scattered clouds
237,Kinango,KE,-4.14,39.32,80.6,78,20,5.82,few clouds
238,Zhenjiang,CN,32.21,119.43,59.0,90,17,3.87,few clouds
239,Yellowknife,CA,62.46,-114.35,30.0,74,75,8.05,broken clouds
240,Sisimiut,GL,66.94,-53.67,21.31,86,98,7.78,overcast clouds
241,Jaru,BR,-10.44,-62.47,90.73,48,45,5.19,scattered clouds
242,Syamzha,RU,60.02,41.06,29.8,98,0,5.88,clear sky
243,Elizabeth City,US,36.29,-76.25,68.0,94,90,17.22,overcast clouds
244,Swellendam,ZA,-34.02,20.44,64.4,68,100,4.7,overcast clouds
245,Leningradskiy,RU,69.38,178.42,23.5,89,49,6.11,scattered clouds
246,Normandin,CA,48.83,-72.53,35.6,55,75,5.82,shower rain
247,Ogaminana,NG,7.59,6.22,77.41,72,100,2.8,overcast clouds
248,San Quintin,MX,30.48,-115.95,70.07,60,63,12.06,broken clouds
249,Kachug,RU,53.96,105.88,23.43,91,61,9.35,broken clouds
250,Rio Gallegos,AR,-51.62,-69.22,57.2,47,75,12.75,broken clouds
251,Kuching,MY,1.55,110.33,75.2,94,40,3.2,scattered clouds
252,Coquimbo,CL,-29.95,-71.34,66.2,55,0,16.11,clear sky
253,Kruisfontein,ZA,-34.0,24.73,62.01,90,100,10.67,light rain
254,Norfolk,US,42.17,-71.25,51.01,61,100,9.17,overcast clouds
255,Kahului,US,20.89,-156.47,87.8,52,20,4.7,few clouds
256,Elko,US,41.0,-115.5,35.6,29,1,12.75,clear sky
257,Sept-Iles,CA,50.2,-66.38,37.99,43,75,11.41,broken clouds
258,Tsaratanana,MG,-16.78,47.65,72.86,57,1,8.23,clear sky
259,Touros,BR,-5.2,-35.46,84.2,70,40,16.11,scattered clouds
260,Manicore,BR,-5.81,-61.3,93.78,44,37,2.33,scattered clouds
261,Mosquera,CO,4.71,-74.23,64.4,63,75,9.17,shower rain
262,Dingle,PH,11.0,122.67,75.29,92,100,18.3,heavy intensity rain
263,Nangomba,TZ,-10.9,38.5,76.89,67,91,7.61,overcast clouds
264,Dinard,FR,48.63,-2.06,48.2,87,0,12.75,clear sky
265,Port Blair,IN,11.67,92.75,79.2,82,48,2.35,moderate rain
266,Yerbogachen,RU,61.28,108.01,24.06,91,100,2.82,overcast clouds
267,Krasnorechenskiy,RU,44.63,135.35,30.79,96,3,6.22,clear sky
268,Tianpeng,CN,30.99,103.94,68.0,1,99,0.51,overcast clouds
269,Okato,NZ,-39.2,173.88,62.01,88,71,5.01,broken clouds
270,Ziyang,CN,29.25,117.85,59.95,69,100,1.61,light rain
271,Ponta Do Sol,PT,32.67,-17.1,66.2,72,20,3.36,few clouds
272,Tornio,FI,65.85,24.15,32.0,90,90,10.29,snow
273,Jieshi,CN,22.81,115.83,70.0,81,100,16.64,overcast clouds
274,Sumbe,AO,-11.21,13.84,75.74,86,88,5.21,overcast clouds
275,Marawi,PH,8.0,124.29,73.99,92,100,3.0,overcast clouds
276,Birin,NP,26.89,88.07,56.89,100,1,1.95,light rain
277,Road Town,VG,18.42,-64.62,86.0,74,40,9.17,scattered clouds
278,Huarmey,PE,-10.07,-78.15,69.71,67,6,11.27,clear sky
279,Nome,US,64.5,-165.41,37.4,86,90,4.7,overcast clouds
280,Port Said,EG,31.26,32.28,77.0,78,0,11.41,clear sky
281,San Rafael,AR,-34.62,-68.33,70.57,25,0,11.23,clear sky
282,Constitucion,CL,-35.33,-72.42,59.34,56,0,19.04,clear sky
283,Inhambane,MZ,-23.86,35.38,75.2,88,20,8.05,few clouds
284,Rosario Oeste,BR,-14.84,-56.43,93.54,40,54,10.67,broken clouds
285,Bilibino,RU,68.05,166.44,14.85,92,98,2.15,overcast clouds
286,Talaya,RU,61.38,152.75,23.11,95,100,7.49,overcast clouds
287,Zhigansk,RU,66.77,123.37,-1.91,88,0,5.23,clear sky
288,Portland,US,45.52,-122.68,46.0,28,20,17.22,few clouds
289,Saskylakh,RU,71.92,114.08,8.87,93,100,12.17,overcast clouds
290,Xam Nua,LA,20.42,104.04,60.93,93,100,1.21,overcast clouds
291,Dobson,US,36.4,-80.72,55.4,87,90,6.93,overcast clouds
292,Pangai,TO,-19.8,-174.35,75.2,94,90,20.8,light intensity shower rain
293,Tazovskiy,RU,67.47,78.7,6.26,95,0,5.99,clear sky
294,Ilulissat,GL,69.22,-51.1,15.8,52,43,6.93,scattered clouds
295,Canatlan,MX,24.52,-104.78,81.0,25,0,5.99,clear sky
296,Fuyang,CN,32.9,115.82,59.94,63,100,2.73,overcast clouds
297,Anadyr,RU,64.75,177.48,23.0,100,90,4.47,light snow
298,Kyshtovka,RU,56.55,76.63,34.59,97,100,5.95,overcast clouds
299,Asahikawa,JP,43.77,142.37,44.15,83,61,3.18,broken clouds
300,Kieta,PG,-6.22,155.63,79.07,74,42,2.06,scattered clouds
301,Los Llanos De Aridane,ES,28.66,-17.92,71.6,64,40,11.41,scattered clouds
302,Groningen,NL,53.25,6.75,52.0,93,72,8.05,broken clouds
303,Aswan,EG,24.09,32.91,76.78,29,0,13.31,clear sky
304,Lae,PG,-6.72,146.98,74.71,85,100,4.65,moderate rain
305,Klaksvik,FO,62.23,-6.59,44.6,87,0,8.05,clear sky
306,Muana,BR,-1.53,-49.22,92.86,40,3,5.88,clear sky
307,Aykhal,RU,66.0,111.5,-4.0,91,0,2.24,clear sky
308,San Ignacio,BZ,17.16,-89.07,87.8,66,40,6.93,scattered clouds
309,Alyangula,AU,-13.85,136.42,80.6,88,75,4.7,light intensity shower rain
310,Conakry,GN,9.54,-13.68,80.78,85,27,9.73,scattered clouds
311,Vestmanna,FO,62.16,-7.17,44.6,87,4,8.05,clear sky
312,Whyalla,AU,-33.03,137.58,53.6,54,90,10.29,overcast clouds
313,Dauriya,RU,49.93,116.87,29.62,94,100,1.63,overcast clouds
314,Berlevag,NO,70.86,29.09,33.8,86,75,13.87,broken clouds
315,San Luis,AR,-33.3,-66.34,61.3,46,16,19.75,few clouds
316,Hailun,CN,47.45,126.93,34.38,89,17,4.43,few clouds
317,Mizdah,LY,31.45,12.98,64.27,73,29,18.75,scattered clouds
318,Belaya Gora,RU,68.53,146.42,10.54,93,2,6.69,clear sky
319,Half Moon Bay,US,37.46,-122.43,64.0,72,75,5.82,haze
320,Viedma,AR,-40.81,-63.0,70.0,23,0,4.0,clear sky
321,Kozluk,TR,38.19,41.49,55.4,43,0,2.24,clear sky
322,Chapais,CA,49.78,-74.85,28.4,68,75,8.05,broken clouds
323,Kawalu,ID,-7.38,108.21,72.73,93,100,2.04,overcast clouds
324,Bosaso,SO,11.28,49.18,76.75,55,0,3.18,clear sky
325,Goderich,CA,43.75,-81.72,50.0,50,100,4.9,overcast clouds
326,Port-Cartier,CA,50.03,-66.87,37.99,43,75,11.41,broken clouds
327,Worland,US,44.02,-107.96,15.01,78,90,5.82,overcast clouds
328,Aripuana,BR,-9.17,-60.63,90.16,50,79,2.24,broken clouds
329,Fort Nelson,CA,58.81,-122.7,21.2,62,75,3.36,broken clouds
330,Ola,RU,59.58,151.28,36.73,79,100,9.78,overcast clouds
331,Pacific Grove,US,36.62,-121.92,63.0,72,75,3.96,broken clouds
332,Rach Gia,VN,10.02,105.08,77.0,100,75,4.41,broken clouds
333,Ciudad Bolivar,VE,8.12,-63.55,91.63,50,54,6.69,broken clouds
334,Takoradi,GH,4.88,-1.76,77.94,90,100,9.8,light rain
335,Te Anau,NZ,-45.42,167.72,43.59,87,100,5.17,overcast clouds
336,Muravlenko,RU,63.79,74.52,19.71,98,99,13.04,overcast clouds
337,Bambous Virieux,MU,-20.34,57.76,75.2,73,75,14.99,shower rain
338,Dalvik,IS,65.97,-18.53,42.8,81,75,9.17,broken clouds
339,Ribeira Grande,PT,38.52,-28.7,66.2,77,75,3.36,broken clouds
340,Srandakan,ID,-7.94,110.25,77.7,89,100,6.69,moderate rain
341,Mehriz,IR,31.59,54.43,59.0,21,0,4.7,clear sky
342,Ishigaki,JP,24.34,124.16,76.12,66,100,13.8,overcast clouds
343,Gannan,CN,47.91,123.5,37.11,79,100,2.55,overcast clouds
344,Ibiruba,BR,-28.63,-53.09,88.2,38,73,0.76,light rain
345,Vung Tau,VN,10.35,107.08,78.8,83,51,3.96,broken clouds
346,Cascavel,BR,-24.96,-53.46,86.14,42,64,2.62,broken clouds
347,Bar-Le-Duc,FR,48.75,5.17,51.8,93,90,8.05,overcast clouds
348,Nadym,RU,65.53,72.52,15.08,96,98,12.82,overcast clouds
349,Riga,LV,57.0,24.08,48.2,93,0,9.17,clear sky
350,Vieste,IT,41.88,16.18,55.4,87,5,5.82,clear sky
351,Mount Pleasant,US,32.79,-79.86,79.0,78,40,5.82,scattered clouds
352,Gizo,SB,-8.1,156.84,82.17,73,100,5.41,overcast clouds
353,Chimbote,PE,-9.09,-78.58,67.93,72,20,11.18,few clouds
354,Bindura,ZW,-17.3,31.33,70.0,38,20,3.0,few clouds
355,Caravelas,BR,-17.71,-39.25,73.62,96,100,6.44,moderate rain
356,Kaitangata,NZ,-46.28,169.85,48.0,87,100,1.25,overcast clouds
357,Pemangkat,ID,1.17,108.97,79.12,79,98,2.82,overcast clouds
358,Iqaluit,CA,63.75,-68.51,8.6,84,20,8.05,few clouds
359,Makurdi,NG,7.74,8.51,78.03,79,97,2.75,overcast clouds
360,Oranjemund,NA,-28.55,16.43,59.16,84,35,18.75,scattered clouds
361,Vostok,RU,46.49,135.88,27.91,99,41,1.99,scattered clouds
362,Praia Da Vitoria,PT,38.73,-27.07,64.4,77,40,7.05,scattered clouds
363,Haverfordwest,GB,51.8,-4.97,52.0,81,29,18.34,scattered clouds
364,Inirida,CO,3.87,-67.92,88.25,60,25,2.13,scattered clouds
365,Jumla,NP,29.27,82.18,42.76,53,0,6.15,clear sky
366,Alice Springs,AU,-23.7,133.88,59.0,38,0,11.41,clear sky
367,Norman Wells,CA,65.28,-126.83,21.2,92,75,8.37,light snow
368,Beloha,MG,-25.17,45.05,70.75,59,97,1.79,overcast clouds
369,Salalah,OM,17.02,54.09,77.0,57,0,5.82,clear sky
370,Mecca,SA,21.43,39.83,78.21,71,0,2.95,clear sky
371,Hami,CN,42.8,93.45,37.6,69,2,4.23,clear sky
372,Mar Del Plata,AR,-38.0,-57.56,62.6,100,90,3.36,moderate rain
373,Breasta,RO,44.33,23.68,55.99,93,100,2.68,overcast clouds
374,Tahta,EG,26.77,31.5,77.0,38,0,9.17,clear sky
375,Sabang,ID,5.89,95.32,81.75,75,100,15.77,overcast clouds
376,Homer,US,59.64,-151.55,46.99,81,90,8.05,light rain
377,Salisbury,GB,51.07,-1.8,46.4,87,7,6.93,clear sky
378,Eureka,US,40.8,-124.16,59.0,76,1,5.82,haze
379,Nyurba,RU,63.28,118.33,19.17,91,100,9.46,overcast clouds
380,Margate,GB,51.38,1.39,51.01,66,94,5.99,moderate rain
381,Sao Felix Do Xingu,BR,-6.64,-51.99,92.14,43,100,2.73,overcast clouds
382,Santa Barbara,US,34.73,-120.03,69.01,59,1,5.82,clear sky
383,Talcahuano,CL,-36.72,-73.12,60.8,51,0,14.99,clear sky
384,Yumen,CN,40.28,97.2,32.45,81,61,10.78,broken clouds
385,Kulu,TR,39.1,33.08,65.53,28,100,6.49,overcast clouds
386,Cururupu,BR,-1.83,-44.87,84.52,64,35,6.67,scattered clouds
387,Los Algarrobos,PA,8.5,-82.43,82.4,78,40,13.87,scattered clouds
388,Canico,PT,32.63,-16.85,66.2,72,20,3.36,few clouds
389,Copiapo,CL,-27.37,-70.33,68.0,52,0,16.11,clear sky
390,Camopi,GF,3.17,-52.32,91.27,46,78,4.92,moderate rain
391,Muros,ES,42.78,-9.06,48.99,89,98,1.01,overcast clouds
392,Datong,CN,40.09,113.29,50.31,60,46,2.08,scattered clouds
393,Flagstaff,US,35.2,-111.65,61.0,47,40,23.04,scattered clouds
394,Khelyulya,RU,61.73,30.68,36.97,81,77,4.7,broken clouds
395,Xuddur,SO,4.12,43.89,76.05,77,33,10.85,light rain
396,Lashio,MM,22.93,97.75,64.35,99,37,0.96,scattered clouds
397,Bonfim,BR,3.08,-59.95,95.14,40,84,3.2,broken clouds
398,Guinope,HN,13.88,-86.93,78.8,100,40,5.82,light rain
399,Navoi,UZ,40.08,65.38,42.8,41,25,6.93,scattered clouds
400,Yar-Sale,RU,66.83,70.83,11.88,96,70,9.93,broken clouds
401,Chara,RU,56.91,118.26,28.98,89,100,1.19,overcast clouds
402,Kutum,SD,14.2,24.67,73.89,21,21,13.31,few clouds
403,Tarancon,ES,40.01,-3.01,53.01,100,75,16.11,moderate rain
404,Hualmay,PE,-11.1,-77.61,68.94,68,25,10.63,scattered clouds
405,Manakara,MG,-22.13,48.02,69.73,88,1,5.97,light rain
406,Cabo San Lucas,MX,22.89,-109.91,93.2,49,20,3.36,few clouds
407,Prieska,ZA,-29.66,22.75,79.2,17,21,2.77,few clouds
408,Puerto Penasco,MX,31.32,-113.53,79.0,75,14,18.01,few clouds
409,Muriti,TZ,-1.98,32.92,76.03,72,35,8.5,light rain
410,Kamenka,RU,51.32,42.77,43.0,92,0,7.16,clear sky
411,Ludvika,SE,60.15,15.19,52.0,87,100,4.7,overcast clouds
412,Kupang,ID,-10.17,123.58,79.47,81,100,5.5,overcast clouds
413,Burns Lake,CA,54.23,-125.75,27.12,85,100,2.26,overcast clouds
414,Jian,CN,27.12,114.98,59.52,70,60,3.8,moderate rain
415,Noumea,NC,-22.28,166.46,78.01,73,0,2.24,clear sky
416,Mayo,US,38.89,-76.51,50.0,100,90,4.7,overcast clouds
417,Pompeu,BR,-19.22,-44.94,74.73,80,25,5.23,moderate rain
418,Haines Junction,CA,60.75,-137.51,28.99,90,100,1.41,overcast clouds
419,Gavrilov Posad,RU,56.56,40.12,44.2,89,99,10.0,overcast clouds
420,Talnakh,RU,69.49,88.4,10.4,85,75,13.42,light snow
421,Lorengau,PG,-2.02,147.27,81.81,75,100,4.38,overcast clouds
422,Chegdomyn,RU,51.12,133.02,28.06,97,0,0.74,clear sky
423,Warrington,GB,53.39,-2.58,48.2,81,0,8.05,clear sky
424,Coueron,FR,47.22,-1.72,53.01,93,0,9.17,clear sky
425,Otukpo,NG,7.19,8.13,74.55,90,100,3.76,overcast clouds
426,Carutapera,BR,-1.2,-46.02,83.5,66,100,7.74,moderate rain
427,Gisborne,NZ,-38.65,178.0,66.0,68,0,3.0,clear sky
428,Prescott,US,34.54,-112.47,70.0,37,1,18.34,clear sky
429,Santa Cecilia,BR,-26.96,-50.43,71.22,66,27,6.91,scattered clouds
430,Charters Towers,AU,-20.1,146.27,71.51,51,0,8.08,clear sky
431,Linhares,BR,-19.39,-40.07,73.36,93,100,5.86,light rain
432,Lazurne,UA,46.08,32.53,59.0,82,0,6.71,clear sky
433,Media Luna,CU,20.14,-77.44,82.4,80,100,17.43,heavy intensity rain
434,Fasa,IR,28.94,53.65,55.4,28,0,2.46,clear sky
435,Riyadh,SA,24.69,46.72,69.8,35,0,6.17,clear sky
436,Flinders,AU,-34.58,150.86,57.99,87,100,8.99,light rain
437,Bonavista,CA,48.65,-53.11,42.01,84,83,23.0,broken clouds
438,Baykit,RU,61.67,96.37,11.66,92,56,1.21,broken clouds
439,La Rioja,ES,42.25,-2.5,55.4,82,20,5.82,few clouds
440,Vila Franca Do Campo,PT,37.72,-25.43,62.6,72,20,3.36,few clouds
441,Sidi Ali,DZ,36.1,0.42,62.58,78,0,7.9,clear sky
442,Wenling,CN,28.37,121.36,64.0,82,83,5.21,broken clouds
443,Ifakara,TZ,-8.13,36.68,79.95,54,32,8.41,scattered clouds
444,Kolpashevo,RU,58.31,82.91,26.35,98,97,10.18,overcast clouds
445,Glendive,US,47.11,-104.71,19.4,62,75,16.11,broken clouds
446,Joensuu,FI,62.6,29.76,34.0,78,40,8.05,scattered clouds
447,Athens,GR,37.98,23.72,70.0,49,0,6.93,clear sky
448,Tongliao,CN,43.61,122.27,38.84,68,0,5.26,clear sky
449,Vinh,VN,18.67,105.67,68.83,88,100,11.41,overcast clouds
450,Fomboni,KM,-12.28,43.74,79.93,74,0,8.93,clear sky
451,Pochutla,MX,15.74,-96.47,91.4,55,40,6.69,scattered clouds
452,Alofi,NU,-19.06,-169.92,75.69,82,100,17.72,light rain
453,Kailua,US,21.4,-157.74,82.99,78,90,4.7,overcast clouds
454,Gasa,PS,31.5,34.47,77.0,78,20,8.05,few clouds
455,Asau,RO,46.43,26.4,53.01,98,100,2.33,overcast clouds
456,Nova Olimpia,BR,-14.8,-57.29,94.91,39,70,9.17,moderate rain
457,Long Beach,US,33.77,-118.19,69.01,68,90,6.93,overcast clouds
458,Vrangel,RU,42.73,133.08,43.77,67,0,9.84,clear sky
459,Temerloh,MY,3.45,102.42,74.19,94,99,2.24,overcast clouds
460,Hidalgotitlan,MX,17.78,-94.63,87.8,62,75,11.41,broken clouds
461,Thinadhoo,MV,0.53,72.93,82.96,74,10,8.95,clear sky
462,Muli,MV,2.92,73.57,81.93,80,94,10.16,overcast clouds
463,Capreol,CA,46.71,-80.92,36.0,64,90,4.7,overcast clouds
464,Matadi,CD,-5.82,13.45,79.93,73,100,8.41,overcast clouds
465,Marienburg,PL,54.04,19.03,51.01,100,0,13.98,clear sky
466,Wukari,NG,7.85,9.78,78.53,71,96,2.66,overcast clouds
467,Ucluelet,CA,48.93,-125.55,46.99,57,75,3.36,broken clouds
468,Havre-Saint-Pierre,CA,50.23,-63.6,39.2,44,20,14.99,few clouds
469,Port Hawkesbury,CA,45.62,-61.35,43.0,70,75,13.87,broken clouds
470,Laguna,US,38.42,-121.42,66.99,63,20,9.17,few clouds
471,Manyana,BW,-23.4,21.72,78.04,33,100,8.3,light rain
472,Lafiagi,NG,8.87,5.42,81.45,52,86,1.16,overcast clouds
473,Plettenberg Bay,ZA,-34.05,23.37,62.4,89,100,9.64,light rain
474,Araouane,ML,18.9,-3.53,90.1,11,0,6.51,clear sky
475,Mitsamiouli,KM,-11.38,43.28,79.09,76,0,11.21,clear sky
476,Altay,CN,47.87,88.12,26.6,72,51,1.88,broken clouds
477,Barao De Melgaco,BR,-16.19,-55.97,95.0,39,20,13.87,few clouds
478,Paraiso,CR,9.84,-83.87,75.2,69,75,11.41,broken clouds
479,Jiwani,PK,25.05,61.74,76.24,40,0,5.28,clear sky
480,Palmer,US,42.16,-72.33,52.0,46,75,10.29,broken clouds
481,Cockburn Town,TC,21.46,-71.14,83.48,77,100,25.32,overcast clouds
482,Boa Vista,BR,2.82,-60.67,96.8,37,40,8.05,scattered clouds
483,Kazachinskoye,RU,57.7,93.28,26.42,85,100,5.77,overcast clouds
484,Ismailia,EG,30.6,32.27,71.69,73,0,4.23,clear sky
485,Wagar,SD,16.15,36.2,88.86,32,32,11.74,scattered clouds
486,Ternate,ID,0.8,127.4,80.46,76,92,3.71,overcast clouds
487,Rognan,NO,67.1,15.39,41.0,92,75,32.21,broken clouds
488,Comodoro Rivadavia,AR,-45.87,-67.5,68.0,31,40,20.8,scattered clouds
489,Piracuruca,BR,-3.93,-41.71,93.27,38,52,9.17,broken clouds
490,Sal Rei,CV,16.18,-22.92,82.4,65,0,21.92,clear sky
491,Sao Filipe,CV,14.9,-24.5,83.1,60,90,17.52,overcast clouds
492,Kulunda,RU,52.57,78.94,38.32,82,100,17.56,light rain
493,Mako,HU,46.22,20.48,57.2,100,75,5.82,broken clouds
494,Beringovskiy,RU,63.05,179.32,29.8,94,58,3.38,broken clouds
495,Baruun-Urt,MN,46.68,113.28,34.18,78,0,10.51,clear sky
496,Ixtapa,MX,20.7,-105.2,90.0,66,20,9.17,few clouds
497,Japura,ID,-0.32,102.35,72.81,85,100,2.48,light rain
498,Taoudenni,ML,22.68,-3.98,88.47,12,0,7.29,clear sky
499,Katangli,RU,51.71,143.23,39.78,92,100,17.47,light rain
500,Lesosibirsk,RU,58.24,92.48,25.74,87,100,6.31,overcast clouds
501,Saint-Augustin,CA,51.23,-58.65,36.5,72,0,16.8,clear sky
502,Sorong,ID,-0.88,131.25,78.58,83,98,5.5,overcast clouds
503,Kamiiso,JP,41.82,140.65,47.17,78,30,7.7,scattered clouds
504,Mosjoen,NO,65.84,13.19,44.6,93,75,2.24,light rain
505,Iquitos,PE,-3.75,-73.25,95.0,47,75,5.82,broken clouds
506,Sapouy,BF,11.55,-1.77,81.39,29,66,5.01,broken clouds
507,San Patricio,US,28.02,-97.52,84.99,69,75,14.99,broken clouds
508,Axim,GH,4.87,-2.24,78.39,88,100,7.9,overcast clouds
509,Port Hardy,CA,50.7,-127.42,41.0,58,90,6.93,overcast clouds
510,Flin Flon,CA,54.77,-101.86,26.6,58,90,10.29,light snow
511,Cabedelo,BR,-6.98,-34.83,80.6,78,40,11.41,scattered clouds
512,Ayan,RU,56.45,138.17,26.98,88,0,18.61,clear sky
513,Walvis Bay,NA,-22.96,14.51,60.8,77,0,5.82,clear sky
514,Komsomolskiy,UZ,40.43,71.72,46.4,52,0,6.93,clear sky
515,Ekibastuz,KZ,51.67,75.37,42.42,74,100,20.4,overcast clouds
516,Severnyy,RU,50.68,36.55,48.2,81,75,2.24,broken clouds
517,Danville,US,36.59,-79.39,52.0,87,90,9.17,overcast clouds
518,Plaeng Yao,TH,13.58,101.28,84.0,78,20,4.7,light rain
519,Bowen,AU,-20.02,148.23,69.8,94,4,3.04,clear sky
520,Nha Trang,VN,12.25,109.18,78.8,88,75,3.36,broken clouds
521,Brits,ZA,-25.63,27.78,75.2,60,72,4.7,broken clouds
522,Muzhi,RU,65.37,64.67,20.89,98,100,10.76,light snow
523,Qeshm,IR,26.96,56.27,73.4,30,0,9.17,clear sky
524,Iskilip,TR,40.74,34.47,63.03,30,53,1.7,broken clouds
525,Kapit,MY,2.02,112.93,72.77,94,98,1.14,overcast clouds
526,Ust-Tsilma,RU,65.44,52.15,20.79,98,64,3.91,broken clouds
527,Mayor Pablo Lagerenza,PY,-19.93,-60.77,103.77,27,90,14.07,overcast clouds
528,Madera,US,37.17,-119.83,70.0,51,4,1.01,clear sky
529,Puerto Cabezas,NI,14.04,-83.39,84.2,89,75,2.1,broken clouds
530,Sinnamary,GF,5.38,-52.95,84.33,71,22,10.02,few clouds
531,Krasne,UA,49.91,24.61,53.6,93,90,13.42,mist
532,Carballo,ES,43.21,-8.69,50.0,81,20,9.17,light rain
533,Whitecourt,CA,54.15,-115.69,15.8,56,40,4.25,scattered clouds
534,Luruaco,CO,10.61,-75.14,87.8,74,75,9.17,shower rain
535,Povenets,RU,62.85,34.83,33.62,91,89,4.05,overcast clouds
536,Sola,VU,-13.88,167.55,79.83,82,5,18.1,moderate rain
537,Muroto,JP,33.28,134.15,63.5,62,40,5.55,scattered clouds
538,Sioux Lookout,CA,50.1,-91.92,26.6,58,75,6.93,broken clouds
539,Waitati,NZ,-45.75,170.57,46.99,91,100,5.01,overcast clouds
540,Ullapool,GB,57.9,-5.16,46.99,64,100,3.0,heavy intensity rain
541,Nargana,PA,9.44,-78.59,84.81,72,59,4.5,broken clouds
542,Lima,PE,-12.04,-77.03,66.99,72,75,9.17,broken clouds
543,Carlisle,US,40.2,-77.19,46.0,87,100,6.76,overcast clouds
544,Ketchikan,US,55.34,-131.65,37.4,93,90,13.87,light rain
545,Waingapu,ID,-9.66,120.26,78.69,78,100,4.07,overcast clouds
546,Sayyan,YE,15.17,44.32,52.9,33,1,3.47,clear sky
547,Fort Myers Beach,US,26.45,-81.95,86.0,70,44,8.05,scattered clouds
548,Sharjah,AE,25.36,55.4,84.2,53,0,6.98,clear sky
549,Kloulklubed,PW,7.04,134.26,75.2,94,75,3.42,broken clouds
550,Tomigusuku,JP,26.18,127.67,71.6,73,20,6.93,few clouds
551,Sindor,RU,62.86,51.89,24.91,99,99,2.35,light snow
552,Oktyabrskiy,RU,54.48,53.47,42.91,89,100,7.0,light rain
553,Kiunga,PG,-6.12,141.29,73.18,98,100,1.19,light rain
554,Port-Gentil,GA,-0.72,8.78,80.6,78,75,11.41,broken clouds
555,Porto Santo,PT,33.07,-16.34,68.0,72,40,14.99,scattered clouds
556,Yeppoon,AU,-23.13,150.73,69.8,94,90,1.12,overcast clouds
557,Vilhena,BR,-12.74,-60.15,87.49,48,94,3.78,overcast clouds
558,Gillette,US,44.29,-105.5,10.4,66,20,11.41,few clouds
559,Makakilo City,US,21.35,-158.09,82.4,69,1,3.36,clear sky
560,Waddan,LY,29.16,16.14,68.63,47,0,8.05,clear sky
561,Porto Novo,BJ,6.5,2.6,80.6,88,40,5.82,thunderstorm
562,Ust-Omchug,RU,61.15,149.63,22.15,95,100,8.59,overcast clouds
563,Panguipulli,CL,-39.63,-72.33,59.0,51,20,11.41,few clouds
564,Shitanjing,CN,39.23,106.34,43.34,55,0,9.93,clear sky
565,Russell,US,32.35,-85.2,77.0,69,90,3.36,overcast clouds
566,Maceio,BR,-9.67,-35.74,82.4,74,0,11.41,clear sky
567,Chicama,PE,-7.84,-79.15,64.4,82,75,13.87,broken clouds
568,Mallow,IE,52.13,-8.63,45.0,87,20,11.41,few clouds
569,Arlit,NE,18.74,7.39,82.56,14,0,16.08,clear sky
570,Yanji,CN,42.91,129.51,37.71,78,1,2.82,clear sky
571,Bose,IT,45.46,8.01,55.0,93,100,2.26,overcast clouds
572,Weymouth,US,42.22,-70.94,51.01,61,100,9.17,overcast clouds
573,Villazon,BO,-22.09,-65.59,72.52,17,100,19.8,overcast clouds
574,Yarada,IN,17.65,83.27,78.8,94,40,2.24,mist
575,Lamu,KE,-2.27,40.9,78.8,83,1,4.7,clear sky
576,Surt,LY,31.21,16.59,72.73,73,20,9.98,few clouds
577,Salina Cruz,MX,16.17,-95.2,92.68,43,99,15.84,overcast clouds
578,Shelburne,CA,44.08,-80.2,46.99,60,20,5.82,few clouds
579,Monster,NL,52.03,4.17,51.01,94,97,5.01,overcast clouds
580,Micheweni,TZ,-4.97,39.83,78.13,83,1,8.23,clear sky
581,Morkov,CZ,49.54,18.06,50.0,100,90,5.82,mist
582,Zhangjiakou,CN,40.81,114.88,50.81,46,98,3.4,overcast clouds
583,Stephenville Crossing,CA,48.5,-58.43,41.0,60,75,10.29,broken clouds
584,Burnie,AU,-41.07,145.92,41.0,70,0,8.01,clear sky
585,Eyl,SO,7.98,49.82,78.37,69,54,10.0,broken clouds
586,Ngama,TD,11.78,17.17,85.14,17,0,9.48,clear sky
587,Narasapur,IN,16.45,81.67,76.73,79,0,1.19,clear sky
588,Moose Factory,CA,51.26,-80.61,28.4,74,90,12.75,overcast clouds
589,Banjar,ID,-8.19,114.97,78.8,94,20,2.24,few clouds
590,Karasburg,NA,-28.02,18.75,74.75,17,86,8.14,overcast clouds
591,Cambridge,CA,43.36,-80.31,43.0,75,90,11.41,overcast clouds
592,Myski,RU,53.71,87.8,29.23,97,100,5.21,overcast clouds
593,Ginir,ET,7.13,40.7,57.02,90,0,4.34,clear sky
594,High Level,CA,58.52,-117.14,30.2,42,20,5.23,few clouds
595,Honningsvag,NO,70.98,25.97,37.4,69,75,17.22,broken clouds
596,Wad Madani,SD,14.4,33.52,87.48,21,0,7.27,clear sky
597,Kinablangan,PH,7.69,126.55,78.55,79,100,4.32,light rain
598,Acari,PE,-15.43,-74.62,76.35,40,0,10.74,clear sky
599,Tilichiki,RU,60.47,166.1,30.45,97,100,6.58,overcast clouds
600,Rio Verde De Mato Grosso,BR,-18.92,-54.84,91.96,47,59,4.45,broken clouds
601,Nieuw Amsterdam,SR,5.88,-55.08,86.0,88,40,11.83,scattered clouds
602,Biggar,GB,55.62,-3.52,46.99,85,93,7.0,overcast clouds
603,Riviere-Au-Renard,CA,49.0,-64.4,37.4,40,40,13.87,scattered clouds
604,Jinchang,CN,38.5,102.17,42.48,59,100,5.57,overcast clouds
605,Haimen,CN,23.19,116.61,66.2,88,0,15.79,clear sky
606,Cooma,AU,-36.23,149.13,41.0,93,75,13.87,light rain
607,Wanning,CN,18.8,110.4,75.99,92,100,4.92,overcast clouds
608,Faya,SA,18.39,42.45,64.4,67,0,9.17,clear sky
609,Coahuayana,MX,18.73,-103.68,84.2,70,20,9.17,few clouds
610,Natal,BR,-5.79,-35.21,84.2,70,40,16.11,scattered clouds
611,Kiama,AU,-34.68,150.87,57.99,79,100,1.99,light rain
612,Myshkin,RU,57.79,38.45,41.47,92,79,6.96,broken clouds
613,Ubinskoye,RU,55.31,79.68,37.96,98,100,13.06,light rain
614,Kvarkeno,RU,52.08,59.73,51.19,89,100,16.96,light rain
615,Jaranwala,PK,31.33,73.43,69.42,24,92,7.52,overcast clouds
616,Kashi,CN,39.45,75.98,51.8,54,40,4.47,scattered clouds
617,Ostrovnoy,RU,68.05,39.51,32.05,93,99,7.4,overcast clouds
618,Angoram,PG,-4.06,144.07,72.99,98,100,2.44,light rain
619,Puri,IN,19.8,85.85,77.0,94,40,2.8,haze
620,Moses Lake,US,47.13,-119.28,37.99,29,1,9.17,clear sky
621,Evensk,RU,61.95,159.23,32.4,92,100,14.25,overcast clouds
622,Urubamba,PE,-13.3,-72.12,64.4,42,75,12.75,shower rain
623,Clyde River,CA,70.47,-68.59,15.8,78,20,8.05,few clouds
624,Tabursuq,TN,36.46,9.25,64.4,52,20,2.24,few clouds
625,San Gabriel,US,34.1,-118.11,69.8,59,90,4.7,overcast clouds
626,Sumbawanga,TZ,-7.97,31.62,65.68,56,9,2.26,clear sky
627,Kabanjahe,ID,3.1,98.49,77.0,100,75,3.36,heavy intensity rain
628,Acapulco,MX,16.86,-99.89,87.8,79,40,5.82,scattered clouds
629,Berberati,CF,4.26,15.79,68.14,93,90,1.7,overcast clouds
630,Nata,PA,8.33,-80.52,84.2,74,20,10.29,few clouds
631,Heze,CN,35.24,115.44,55.83,59,100,5.26,overcast clouds
632,Jalali,IN,27.87,78.27,72.88,22,0,2.53,clear sky
633,Jinxi,CN,30.43,116.29,61.48,56,97,1.32,overcast clouds
634,Kortkeros,RU,61.81,51.58,30.2,92,75,6.71,broken clouds
635,San Ramon,US,37.78,-121.98,66.99,55,90,5.82,overcast clouds
636,Amuntai,ID,-2.42,115.25,75.92,94,98,0.83,heavy intensity rain
637,Belmonte,BR,-15.86,-38.88,77.0,83,75,10.29,broken clouds
638,Naze,JP,28.37,129.48,64.4,88,90,3.36,overcast clouds
639,Challapata,BO,-18.9,-66.77,63.64,25,11,6.22,few clouds
640,Zig,US,40.13,-92.77,41.0,75,90,11.41,overcast clouds
641,Mulchen,CL,-37.72,-72.23,64.4,42,75,10.29,broken clouds
642,Poli,TZ,-3.33,36.8,63.23,81,63,6.82,broken clouds
643,Irtyshskiy,RU,58.33,68.13,33.58,97,96,4.7,overcast clouds
644,San Cristobal,VE,7.77,-72.22,86.0,58,40,11.41,scattered clouds
645,Fort Oglethorpe,US,34.95,-85.26,73.0,73,75,0.74,broken clouds
646,Hervey Bay,AU,-25.3,152.85,73.99,91,1,5.01,light rain
647,Yanam,IN,16.73,82.22,75.36,81,32,1.63,scattered clouds
648,Augusto Correa,BR,-1.02,-46.63,84.11,65,72,7.2,broken clouds
649,Tagusao,PH,9.19,117.81,79.21,83,100,12.57,very heavy rain
650,Great Falls,US,47.5,-111.3,12.0,77,1,10.29,clear sky
651,Casablanca,MA,33.59,-7.62,64.4,68,20,4.7,few clouds
652,Newport,GB,51.59,-3.0,50.0,96,2,1.01,light rain
653,Westport,US,41.14,-73.36,52.0,50,1,6.93,clear sky
654,Dawlatabad,AF,36.41,64.91,45.59,56,0,3.53,clear sky
655,Cotonou,BJ,6.37,2.42,80.6,88,40,5.82,thunderstorm
656,Hamilton,US,39.18,-84.53,54.0,66,90,10.29,overcast clouds
657,Labytnangi,RU,66.66,66.42,13.06,95,100,17.07,light snow
658,Borger,NL,52.92,6.79,51.01,92,50,4.0,scattered clouds
659,Taywarah,AF,33.35,64.42,28.94,80,0,3.02,clear sky
660,Praia,CV,14.92,-23.51,82.4,61,0,20.8,clear sky
661,Sao Sebastiao,BR,-23.76,-45.41,74.3,81,34,7.65,scattered clouds
662,Mercedes,AR,-34.65,-59.43,71.01,71,100,4.0,overcast clouds
663,Teguldet,RU,57.31,88.17,26.69,93,100,7.54,overcast clouds
664,Rivers,CA,50.03,-100.24,24.8,62,75,13.87,broken clouds
665,Ozernovskiy,RU,51.5,156.52,43.79,80,94,7.63,overcast clouds
666,Alugan,PH,12.22,125.48,79.75,85,100,16.02,light rain
667,Erdenet,MN,49.03,104.08,21.6,86,76,1.66,broken clouds
668,Lujan,AR,-34.57,-59.1,72.0,99,100,4.0,light rain
669,Kilindoni,TZ,-7.91,39.67,79.68,78,10,13.51,clear sky
670,Suwannaphum,TH,15.6,103.8,73.0,88,100,4.23,overcast clouds
671,Balanacan,PH,13.53,121.87,79.9,87,100,40.73,heavy intensity rain
672,Lasa,IT,46.62,10.7,54.0,87,75,5.82,broken clouds
673,Sandur,IN,15.1,76.55,73.17,70,53,4.47,broken clouds
674,Razdolinsk,RU,58.42,94.67,21.54,92,99,3.24,overcast clouds
675,Sao Joao Da Barra,BR,-21.64,-41.05,71.6,94,90,9.17,light rain
676,Roald,NO,62.58,6.13,50.0,61,20,11.41,few clouds
677,Warwick,US,41.7,-71.42,55.0,58,75,8.05,broken clouds
678,Neuquen,AR,-38.95,-68.06,68.0,20,0,16.11,clear sky
679,Bardsir,IR,29.92,56.57,51.8,27,0,4.7,clear sky
680,Santiago De Cuba,CU,20.02,-75.82,84.2,74,75,13.87,broken clouds
681,Siguiri,GN,11.67,-9.5,78.85,28,0,2.46,clear sky
682,Donskoye,RU,45.46,41.97,53.6,93,0,2.24,clear sky
683,Balkanabat,TM,39.51,54.37,59.9,34,0,1.34,clear sky
684,Bandiagara,ML,14.35,-3.61,85.26,13,0,6.98,clear sky
